[
  {
    "id": "b5e84b79-233d-48df-a5b5-95437dae5963",
    "data": [
      {
        "text": "CONFIRMATION 1908-26 UNIV… CONFIRMATION ",
        "userDefined": false
      },
      {
        "text": "1908-26 UNIVERSITY AVE",
        "alias": "address",
        "meta": "@sys.address",
        "userDefined": true
      },
      {
        "text": ". APR 27 2:30P-3:30P LOCKBOX 1234 LOCATED NEAR THE STAIRWELL ON SAME FLOOR AS UNIT OFF SHOES LV CARD TURN OFF LIGHTS LOCK DOORS",
        "userDefined": false
      }
    ],
    "isTemplate": false,
    "count": 0,
    "updated": 1527333108
  },
  {
    "id": "40793ff8-ac3b-4415-98cc-155fa76b61ae",
    "data": [
      {
        "text": "conf: ",
        "userDefined": false
      },
      {
        "text": "32 davenport rd #706",
        "alias": "address",
        "meta": "@sys.address",
        "userDefined": true
      },
      {
        "text": " april 26 12:50-1:50, l/b 1234, off shoes, all the usuals  Sent By: AM",
        "userDefined": false
      }
    ],
    "isTemplate": false,
    "count": 0,
    "updated": 1527333108
  },
  {
    "id": "11bd8e13-047b-4eda-8fa2-5817b8000894",
    "data": [
      {
        "text": "CONF: ",
        "userDefined": false
      },
      {
        "text": "15 GRENVILLE ST #509",
        "alias": "address",
        "meta": "@sys.address",
        "userDefined": true
      },
      {
        "text": "\tAPRIL 26 3:45-4:45PM, L/B 1234 AT STAIRWELL, ALL THE USUALS  Sent By: AM",
        "userDefined": false
      }
    ],
    "isTemplate": false,
    "count": 0,
    "updated": 1527333108
  },
  {
    "id": "791b5362-5606-4de6-a7aa-287c3ed76930",
    "data": [
      {
        "text": "Front-Desk Message CONF ",
        "userDefined": false
      },
      {
        "text": "81 LINNSMORE CRES",
        "alias": "address",
        "meta": "@sys.address",
        "userDefined": true
      },
      {
        "text": " THURS APR 26TH 4-5 LBX 1234 OFF SHOES/LIGHTS LV CARD LOCK DOORS    Sent by: Kaity Williams, Apr 25, 2018 6:48 PM",
        "userDefined": false
      }
    ],
    "isTemplate": false,
    "count": 0,
    "updated": 1527333108
  },
  {
    "id": "9e05279f-8ea1-4dbd-bf0d-9aaa18a425f7",
    "data": [
      {
        "text": "[IdanTarsky] CONFIRMATION 524-13 NELSO… CONFIRMATION ",
        "userDefined": false
      },
      {
        "text": "524-13 NELSON ST",
        "alias": "address",
        "meta": "@sys.address",
        "userDefined": true
      },
      {
        "text": ". APR 26 4:15P-5:15P LOCKBOX 1234 LEFT SIDE OF PUBLIC PARKING ENTRANCE",
        "userDefined": false
      }
    ],
    "isTemplate": false,
    "count": 0,
    "updated": 1527333108
  },
  {
    "id": "3c744511-eb5a-4aa1-9d86-9b5ceca0bb21",
    "data": [
      {
        "text": "Showing Confirmed - 218 Queens Quay W #2611 Showing has been confirmed.  ",
        "userDefined": false
      },
      {
        "text": "218 Queens Quay W #2611",
        "alias": "address",
        "meta": "@sys.address",
        "userDefined": true
      },
      {
        "text": "  View Listing   Date: 2018-04-27  Time: 2:15 PM - 3:15 PM  Type: Buyer/Broker   Access: Key KEY AT CONCIERGE  Turn Off Lights Leave Card Remove Shoes Lock Doors Bring RECO License  Confirmation Instructions: KNOCK 1ST, MUST BE ON TIME, CALL IF LATE OR CANCELLING",
        "userDefined": false
      }
    ],
    "isTemplate": false,
    "count": 0,
    "updated": 1527333108
  },
  {
    "id": "ba221412-8ee2-440b-be2d-6df71a8fbf36",
    "data": [
      {
        "text": "[IdanTarsky] CONFIRMATION 905-33 CHARL… CONFIRMATION ",
        "userDefined": false
      },
      {
        "text": "905-33 CHARLES ST",
        "alias": "address",
        "meta": "@sys.address",
        "userDefined": true
      },
      {
        "text": ". APR 26 2:00P-3:00P LOCKBOX 1234 IN STAIRWELL B ON 9TH FLOOR STAIRWELL DOOR LOCKS AUTOMATICALLY SHOW VALID RECO \u0026 BUSINESS CARD TO SECURITY TO ENTER 9TH FLOOR",
        "userDefined": false
      }
    ],
    "isTemplate": false,
    "count": 0,
    "updated": 1527333108
  },
  {
    "id": "662ea9a8-6c08-46e9-92a0-2035a1adf5b8",
    "data": [
      {
        "text": "[IdanTarsky] CONFIRMATION 1809-45 CHAR… CONFIRMATION ",
        "userDefined": false
      },
      {
        "text": "1809-45 CHARLES ST EAST",
        "alias": "address",
        "meta": "@sys.address",
        "userDefined": true
      },
      {
        "text": ", APR 26, 215-315PM, LBX 1234 IN DESIGNATED AREA",
        "userDefined": false
      }
    ],
    "isTemplate": false,
    "count": 0,
    "updated": 1527333108
  },
  {
    "id": "115e4637-4353-4b56-acbd-fc4667b5d2b2",
    "data": [
      {
        "text": "[IdanTarsky] Confirmation: 32 Davenpor… Confirmation: ",
        "userDefined": false
      },
      {
        "text": "32 Davenport Rd Unit 608",
        "alias": "address",
        "meta": "@sys.address",
        "userDefined": true
      },
      {
        "text": " Thursday, April 26 12:15-12:45 LB 1234",
        "userDefined": false
      }
    ],
    "isTemplate": false,
    "count": 0,
    "updated": 1527333108
  },
  {
    "id": "b6884c3e-689e-4f4b-ba0b-9c064b340077",
    "data": [
      {
        "text": "[IdanTarsky] 1 Bloor Unit 1608 sold co… ",
        "userDefined": false
      },
      {
        "text": "1 Bloor Unit 1608",
        "alias": "address",
        "meta": "@sys.address",
        "userDefined": true
      },
      {
        "text": " sold conditional still showing",
        "userDefined": false
      }
    ],
    "isTemplate": false,
    "count": 0,
    "updated": 1527333108
  },
  {
    "id": "6059d0a2-5ef2-4b83-9bbb-46a94546869c",
    "data": [
      {
        "text": "NON CONFIRMATION: 1742-35… NON CONFIRMATION: ",
        "userDefined": false
      },
      {
        "text": "1742-35 VIKING LANE",
        "alias": "address",
        "meta": "@sys.address",
        "userDefined": true
      },
      {
        "text": ", APR 26, 12-1PM, SOLD CONDITIONAL, NO MORE SHOWINGS.",
        "userDefined": false
      }
    ],
    "isTemplate": false,
    "count": 0,
    "updated": 1527333108
  },
  {
    "id": "2624ea57-7ce2-4379-83ad-8a7ba66e7cfc",
    "data": [
      {
        "text": "Confirmation for ",
        "userDefined": false
      },
      {
        "text": "1080 Bay St unit 2305",
        "alias": "address",
        "meta": "@sys.address",
        "userDefined": true
      },
      {
        "text": " for today 1230-1pm lbx 1234, please be on time, lbx #10 in front of management office, please knock first, all the usuals, do not use washroom, make sure balcony door is locked",
        "userDefined": false
      }
    ],
    "isTemplate": false,
    "count": 0,
    "updated": 1527333108
  },
  {
    "id": "52c8ae87-0f9c-4d9d-8248-4f7712eee5f5",
    "data": [
      {
        "text": "Confirmation for ",
        "userDefined": false
      },
      {
        "text": "65 St Mary St unit 3703",
        "alias": "address",
        "meta": "@sys.address",
        "userDefined": true
      },
      {
        "text": " Today 1230-130pmLB 1234At 1080 Bay St across from management office, LB #7 with yellow ribbonAll the usuals  Sent By: KS",
        "userDefined": false
      }
    ],
    "isTemplate": false,
    "count": 0,
    "updated": 1527333108
  },
  {
    "id": "cdab88cc-30f7-4a7d-95e7-4eb73668adf1",
    "data": [
      {
        "text": "[IdanTarsky] Confirmation 32 Davenport… Confirmation ",
        "userDefined": false
      },
      {
        "text": "32 Davenport road, unit 805",
        "alias": "address",
        "meta": "@sys.address",
        "userDefined": true
      },
      {
        "text": ", Thu, Apr 26, 2018 2-3pm LB1234 off shoes/lights, leave card, lock doors.",
        "userDefined": false
      }
    ],
    "isTemplate": false,
    "count": 0,
    "updated": 1527333108
  },
  {
    "id": "91ac4976-f963-4cc7-9962-6720ac83ec07",
    "data": [
      {
        "text": "Confirmation for ",
        "userDefined": false
      },
      {
        "text": "1 Lomond Dr unit 505",
        "alias": "address",
        "meta": "@sys.address",
        "userDefined": true
      },
      {
        "text": " for today 1-2pm lbx 1234 in closest stairwell  Sent By: JK",
        "userDefined": false
      }
    ],
    "isTemplate": false,
    "count": 0,
    "updated": 1527333108
  },
  {
    "id": "eacf3b47-6589-40d9-a5fe-e79aab8accfa",
    "data": [
      {
        "text": "Confirmation for ",
        "userDefined": false
      },
      {
        "text": "560 King St unit 719",
        "alias": "address",
        "meta": "@sys.address",
        "userDefined": true
      },
      {
        "text": " for tomorrow april 27th 6-7pm lbx 1234, in stairwell closest to unit, all the usuals  Sent By: JK",
        "userDefined": false
      }
    ],
    "isTemplate": false,
    "count": 0,
    "updated": 1527333108
  },
  {
    "id": "88d7383b-25e4-427b-b032-f17d41f0442d",
    "data": [
      {
        "text": "Confirmation for ",
        "userDefined": false
      },
      {
        "text": "386 Yonge St unit 1007",
        "alias": "address",
        "meta": "@sys.address",
        "userDefined": true
      },
      {
        "text": " for tomorrow april 27th 530-630pm lbx 1234, in lbx room section C with LA card on back green label \u0026 #609 on the side, bring reco, lock windows and doors, all the usuals  Sent By: JK",
        "userDefined": false
      }
    ],
    "isTemplate": false,
    "count": 0,
    "updated": 1527333108
  },
  {
    "id": "16f89df7-f704-4f2f-b2f5-26fdf7832056",
    "data": [
      {
        "text": "Non confirmation for ",
        "userDefined": false
      },
      {
        "text": "57 St Joseph St unit 613",
        "alias": "address",
        "meta": "@sys.address",
        "userDefined": true
      },
      {
        "text": " Tomorrow 515-615pmListing cancelled no more showings  Sent By: KS",
        "userDefined": false
      }
    ],
    "isTemplate": false,
    "count": 0,
    "updated": 1527333108
  },
  {
    "id": "d2afb624-df28-4d46-aa0c-db693ffe95b1",
    "data": [
      {
        "text": "Non confirmation for ",
        "userDefined": false
      },
      {
        "text": "397 Front St W unit 2706",
        "alias": "address",
        "meta": "@sys.address",
        "userDefined": true
      },
      {
        "text": " Today 11-12pmUnable to reach LA please rebook",
        "userDefined": false
      }
    ],
    "isTemplate": false,
    "count": 0,
    "updated": 1527333108
  },
  {
    "id": "0b66326b-3402-42ab-ab14-a283257f73fc",
    "data": [
      {
        "text": "Confirmation for ",
        "userDefined": false
      },
      {
        "text": "38 William Carson Cres unit 909",
        "alias": "address",
        "meta": "@sys.address",
        "userDefined": true
      },
      {
        "text": " for tomorrow april 27th 12-1pm\tkey at concierge desk  Sent By: JK",
        "userDefined": false
      }
    ],
    "isTemplate": false,
    "count": 0,
    "updated": 1527333108
  },
  {
    "id": "a0ce3286-4671-4250-adf1-2523166c94cb",
    "data": [
      {
        "text": "Appointment for: Stan Nevolovich, 2203-170 Sumach St (L)\tAddress: ",
        "userDefined": false
      },
      {
        "text": "2203-170 Sumach St (L)",
        "alias": "address",
        "meta": "@sys.address",
        "userDefined": true
      },
      {
        "text": " Date/Time of Appt: Apr 26 06:30-07:00 PM Appt Status: Appointment Refused Message: LEASED NO MORE SHOWINGS Listing Company: RE/MAX Hallmark Realty Ltd. Phone: 416-489-3434",
        "userDefined": false
      }
    ],
    "isTemplate": false,
    "count": 0,
    "updated": 1527333108
  },
  {
    "id": "4767ad45-fd96-4683-a53d-3cf8814336b7",
    "data": [
      {
        "text": "Confirmation for ",
        "userDefined": false
      },
      {
        "text": "386 Yonge St unit 2005",
        "alias": "address",
        "meta": "@sys.address",
        "userDefined": true
      },
      {
        "text": " for today 6-7pm\tlbx 1234, at te lbx room at the back on rack B with blue ribbon, or ask security for location, show reco and business card to front desk, must return key to correct lbx  Sent By: JK",
        "userDefined": false
      }
    ],
    "isTemplate": false,
    "count": 0,
    "updated": 1527333108
  },
  {
    "id": "de23dafa-52ee-4d7b-8fda-b5552fdb4f93",
    "data": [
      {
        "text": "Confirmation for ",
        "userDefined": false
      },
      {
        "text": "426 University Ave unit 3308",
        "alias": "address",
        "meta": "@sys.address",
        "userDefined": true
      },
      {
        "text": " Today 230-330pmLB 1234At same floor stairwellBring RECOOff lights  Sent By: KS",
        "userDefined": false
      }
    ],
    "isTemplate": false,
    "count": 0,
    "updated": 1527333108
  },
  {
    "id": "9e1b0ad1-8b43-44fa-aab6-4cbfc8995cf1",
    "data": [
      {
        "text": "Non confirmation for ",
        "userDefined": false
      },
      {
        "text": "295 Adelaide St unit 1406",
        "alias": "address",
        "meta": "@sys.address",
        "userDefined": true
      },
      {
        "text": " Today 615-715pmLeased no more showings  Sent By: KS",
        "userDefined": false
      }
    ],
    "isTemplate": false,
    "count": 0,
    "updated": 1527333108
  },
  {
    "id": "37526a40-e2ee-40d7-84ea-2217a1359cfb",
    "data": [
      {
        "text": "Confirmation for ",
        "userDefined": false
      },
      {
        "text": "70 Temperance St unit 3503",
        "alias": "address",
        "meta": "@sys.address",
        "userDefined": true
      },
      {
        "text": " Tomorrow 3-4pmLB 1234 LB has red tapeKnock first, all the usuals  Sent By: KS",
        "userDefined": false
      }
    ],
    "isTemplate": false,
    "count": 0,
    "updated": 1527333108
  },
  {
    "id": "14b74d52-0ebb-4a73-bad1-a06bf51a487a",
    "data": [
      {
        "text": "Appointment for: Arvin Tamboowalla, 912-333 Adelaide St E (L) Address: ",
        "userDefined": false
      },
      {
        "text": "912-333 Adelaide St E (L)",
        "alias": "address",
        "meta": "@sys.address",
        "userDefined": true
      },
      {
        "text": " Date/Time of Appt: Apr 27 04:30-05:30 PM Appt Status: Appointment Confirmed Access: Key Alarm Code:  Showing Instructions: KEY AT CONCIERGE. SHOW RECO AND BRING BUSINESS CARD. Listing Company: HARVEY KALLES REAL ESTATE LTD. Phone: 416-441-2888",
        "userDefined": false
      }
    ],
    "isTemplate": false,
    "count": 0,
    "updated": 1527333108
  },
  {
    "id": "d52da980-a14f-4cbe-98d5-7c55969b7bd1",
    "data": [
      {
        "text": "Confirmation for ",
        "userDefined": false
      },
      {
        "text": "398 Eglinton Ave unit 703",
        "alias": "address",
        "meta": "@sys.address",
        "userDefined": true
      },
      {
        "text": " Tomorrow 11-12pm LB 1234 In visitor parking in underground garage, no fob required to enter garage Another appt at same time",
        "userDefined": false
      }
    ],
    "isTemplate": false,
    "count": 0,
    "updated": 1527333108
  },
  {
    "id": "ea977226-689c-4d00-8a18-3bda23e6dbc5",
    "data": [
      {
        "text": "NONCONFIRMATION 316-21 NE…\tNONCONFIRMATION ",
        "userDefined": false
      },
      {
        "text": "316-21 NELSON ST",
        "alias": "address",
        "meta": "@sys.address",
        "userDefined": true
      },
      {
        "text": ", APR 26, 6-7PM, PLS REBOOK FOR BEFORE 530PM AS PER VENDOR",
        "userDefined": false
      }
    ],
    "isTemplate": false,
    "count": 0,
    "updated": 1527333108
  },
  {
    "id": "6ca0cabe-026f-4abe-9d12-2214bece1b9a",
    "data": [
      {
        "text": "Confirmation for ",
        "userDefined": false
      },
      {
        "text": "57 St Joseph St unit 813",
        "alias": "address",
        "meta": "@sys.address",
        "userDefined": true
      },
      {
        "text": " for tomorrow april 27th 530-630pm key at concierge, must bring reco and business card  Sent By: JK",
        "userDefined": false
      }
    ],
    "isTemplate": false,
    "count": 0,
    "updated": 1527333108
  },
  {
    "id": "ad0fb2b8-3373-4890-85cc-3c21455ecceb",
    "data": [
      {
        "text": "Showing Confirmed - ",
        "userDefined": false
      },
      {
        "text": "99 Harbour Sq #1507",
        "alias": "address",
        "meta": "@sys.address",
        "userDefined": true
      },
      {
        "text": "\tShowing has been confirmed.  99 Harbour Sq #1507  View Listing   Date: 2018-04-27  Time: 3:30 PM - 4:30 PM  Type: Buyer/Broker   Access: Key KEY AT CONCIERGE  Turn Off Lights Leave Card Remove Shoes Lock Doors Bring RECO License  Confirmation Instructions: BRING BUS. CARD",
        "userDefined": false
      }
    ],
    "isTemplate": false,
    "count": 0,
    "updated": 1527333108
  },
  {
    "id": "18229cf6-632d-4e5b-b6bd-152b941b3afd",
    "data": [
      {
        "text": "Showing Confirmed - 218 Queens Quay W #2611\tShowing has been confirmed.  ",
        "userDefined": false
      },
      {
        "text": "218 Queens Quay W #2611",
        "alias": "address",
        "meta": "@sys.address",
        "userDefined": true
      },
      {
        "text": "  View Listing   Date: 2018-04-27  Time: 3:45 PM - 4:45 PM  Type: Buyer/Broker   Access: Key KEY AT CONCIERGE  Turn Off Lights Leave Card Remove Shoes Lock Doors Bring RECO License  Confirmation Instructions: KNOCK 1ST, MUST BE ON TIME, CALL IF LATE OR CANCELLING",
        "userDefined": false
      }
    ],
    "isTemplate": false,
    "count": 0,
    "updated": 1527333108
  },
  {
    "id": "a35e0dfe-0244-487d-aa4b-aca2059fe9cf",
    "data": [
      {
        "text": "Time Change Confirmation for ",
        "userDefined": false
      },
      {
        "text": "32 Trolley Cres unit 523",
        "alias": "address",
        "meta": "@sys.address",
        "userDefined": true
      },
      {
        "text": " for tomorrow april 27th 11-1130am Message: lbx 1234, lbx next to building with red ribbon on bottom centre, LA card attached, all the usuals, call if late or cancelling 905-895-5972",
        "userDefined": false
      }
    ],
    "isTemplate": false,
    "count": 0,
    "updated": 1527333108
  },
  {
    "id": "3062c174-a765-49de-bd93-4e6e4233ff5a",
    "data": [
      {
        "text": "conf: ",
        "userDefined": false
      },
      {
        "text": "19 Golding",
        "alias": "address",
        "meta": "@sys.address",
        "userDefined": true
      },
      {
        "text": ";\tToday 4-5 PM; lbx# 1234 /JasD",
        "userDefined": false
      }
    ],
    "isTemplate": false,
    "count": 0,
    "updated": 1527333108
  },
  {
    "id": "a2458a5b-a614-4663-89b5-c25dcbabdd38",
    "data": [
      {
        "text": "Confirmation for ",
        "userDefined": false
      },
      {
        "text": "21 Nelson St unit 316",
        "alias": "address",
        "meta": "@sys.address",
        "userDefined": true
      },
      {
        "text": " for tomorrow april 27th 245-345pm\tlbx 1234 at concierge, knock first, all the usuals",
        "userDefined": false
      }
    ],
    "isTemplate": false,
    "count": 0,
    "updated": 1527333108
  },
  {
    "id": "35345b25-9e88-4700-9eca-e2a05c9e4f31",
    "data": [
      {
        "text": "Non-Confirmation for ",
        "userDefined": false
      },
      {
        "text": "16 Yonge St unit 210",
        "alias": "address",
        "meta": "@sys.address",
        "userDefined": true
      },
      {
        "text": " for tomorrow april 27th 530-630pm\tas per vendor, no showings friday evening please rebook at 416-236-1392",
        "userDefined": false
      }
    ],
    "isTemplate": false,
    "count": 0,
    "updated": 1527333108
  },
  {
    "id": "f2b1eef0-26ae-4fef-b2f5-9867cd42b1ae",
    "data": [
      {
        "text": "non confirmation for ",
        "userDefined": false
      },
      {
        "text": "127 queen st e 603",
        "alias": "address",
        "meta": "@sys.address",
        "userDefined": true
      },
      {
        "text": " tomorrow 2:30-3:30 tenant refused",
        "userDefined": false
      }
    ],
    "isTemplate": false,
    "count": 0,
    "updated": 1527333108
  },
  {
    "id": "eee63440-601b-4e1c-9d77-5b8b0c95ab50",
    "data": [
      {
        "text": "Confirmation for ",
        "userDefined": false
      },
      {
        "text": "210 Simcoe St unit 1306",
        "alias": "address",
        "meta": "@sys.address",
        "userDefined": true
      },
      {
        "text": " Tomorrow 630-730pm LB 1234 On stairwell beside unit All the usuals",
        "userDefined": false
      }
    ],
    "isTemplate": false,
    "count": 0,
    "updated": 1527333108
  },
  {
    "id": "3fac91d9-10b8-44ee-8fce-757e0c013362",
    "data": [
      {
        "text": "Non-Confirmation for ",
        "userDefined": false
      },
      {
        "text": "55 Merchants Wharf unit 228",
        "alias": "address",
        "meta": "@sys.address",
        "userDefined": true
      },
      {
        "text": " for tomorrow April 27th 315-415pm leased no more showings  Sent By: JK",
        "userDefined": false
      }
    ],
    "isTemplate": false,
    "count": 0,
    "updated": 1527333108
  },
  {
    "id": "d1d80fad-26fd-4d91-8ed1-ff2a27771e67",
    "data": [
      {
        "text": "CONFIRMATION 304-35 HAYDE… CONFIRMATION ",
        "userDefined": false
      },
      {
        "text": "304-35 HAYDEN ST",
        "alias": "address",
        "meta": "@sys.address",
        "userDefined": true
      },
      {
        "text": " APR 27 5:15-6:15PM LBX 1234 AT CONCIERGE, BRING RECO",
        "userDefined": false
      }
    ],
    "isTemplate": false,
    "count": 0,
    "updated": 1527333108
  },
  {
    "id": "fe0f55f2-b560-47fd-a243-2a820f47424f",
    "data": [
      {
        "text": "Confirmation for ",
        "userDefined": false
      },
      {
        "text": "18 Yonge St unit 3108",
        "alias": "address",
        "meta": "@sys.address",
        "userDefined": true
      },
      {
        "text": " Tomorrow 545-615pm LB 1234 Labelled B023Y, with black and red ties in stairwell nearest unit All the usuals",
        "userDefined": false
      }
    ],
    "isTemplate": false,
    "count": 0,
    "updated": 1527333108
  },
  {
    "id": "66dc0a07-eaa1-425c-a714-b6afde1e5f7a",
    "data": [
      {
        "text": "Showing Confirmed - ",
        "userDefined": false
      },
      {
        "text": "188 Redpath Ave #211",
        "alias": "address",
        "meta": "@sys.address",
        "userDefined": true
      },
      {
        "text": " Showing has been confirmed.  188 Redpath Ave #211  View Listing   Date: 2018-04-28  Time: 9:45 AM - 10:45 AM",
        "userDefined": false
      }
    ],
    "isTemplate": false,
    "count": 0,
    "updated": 1527333108
  },
  {
    "id": "d1a73952-4457-48b8-800b-ffb486b02b22",
    "data": [
      {
        "text": "CONF: ",
        "userDefined": false
      },
      {
        "text": "8 THE ESPLANADE #1111",
        "alias": "address",
        "meta": "@sys.address",
        "userDefined": true
      },
      {
        "text": " APRIL 27 2-3PM, L/B 1234 IN STAIRWELL STAIRWELL DR WILL LOCK BEHIND U, ALL THE USUALS  Sent By: AM",
        "userDefined": false
      }
    ],
    "isTemplate": false,
    "count": 0,
    "updated": 1527333108
  },
  {
    "id": "eb0c73ae-1bdf-4cf5-baf6-d5459a22b918",
    "data": [
      {
        "text": "Confirmation: 320 Richmon… Confirmation: ",
        "userDefined": false
      },
      {
        "text": "320 Richmond St E Unit 301",
        "alias": "address",
        "meta": "@sys.address",
        "userDefined": true
      },
      {
        "text": " Saturday, April 28 12-1 LB 1234 in stairwell show RECO lve lights on",
        "userDefined": false
      }
    ],
    "isTemplate": false,
    "count": 0,
    "updated": 1527333108
  },
  {
    "id": "02095309-ef3b-491b-ad9c-89818e01983b",
    "data": [
      {
        "text": "Showing Refused: ",
        "userDefined": false
      },
      {
        "text": "70 Forest Manor Rd 3003",
        "alias": "address",
        "meta": "@sys.address",
        "userDefined": true
      },
      {
        "text": "  NON CONF: NICOLE",
        "userDefined": false
      }
    ],
    "isTemplate": false,
    "count": 0,
    "updated": 1527333108
  },
  {
    "id": "49b41e53-27c6-4669-b541-60a7986d5652",
    "data": [
      {
        "text": "CONF: ",
        "userDefined": false
      },
      {
        "text": "47 WERTHINGTON CRES",
        "alias": "address",
        "meta": "@sys.address",
        "userDefined": true
      },
      {
        "text": ". APRIL 29TH 12:15-12:45PM, L/B 1234 AT FRONT DR, DO NOT LET 2 CATS OUT",
        "userDefined": false
      }
    ],
    "isTemplate": false,
    "count": 0,
    "updated": 1527333108
  },
  {
    "id": "c715eb12-867f-4497-a7ab-c20fc158a4ab",
    "data": [
      {
        "text": "CONF: ",
        "userDefined": false
      },
      {
        "text": "426 UNIVERSITY AVE #3910",
        "alias": "address",
        "meta": "@sys.address",
        "userDefined": true
      },
      {
        "text": " APRIL 27 4-5PM, L/B 1234 IN STAIRWELL NEXT TO UNIT, SHOW RECO",
        "userDefined": false
      }
    ],
    "isTemplate": false,
    "count": 0,
    "updated": 1527333108
  },
  {
    "id": "d8f04427-8d7b-4662-9abc-badac7aff95a",
    "data": [
      {
        "text": "Front-Desk Message CONF:",
        "userDefined": false
      },
      {
        "text": "319 MERTON ST #1201",
        "alias": "address",
        "meta": "@sys.address",
        "userDefined": true
      },
      {
        "text": " APRIL 28TH 10:30-11AM KEY AT CONC MUST SHOW RECO \u0026 BUIS CARD    Sent by: Rachelle Rivero, Apr 26, 2018 7:11 PM",
        "userDefined": false
      }
    ],
    "isTemplate": false,
    "count": 0,
    "updated": 1527333108
  },
  {
    "id": "6dddc7d3-107c-4a54-9eed-53206174e2f2",
    "data": [
      {
        "text": "Re: ",
        "userDefined": false
      },
      {
        "text": "8 Mercer St Unit 216",
        "alias": "address",
        "meta": "@sys.address",
        "userDefined": true
      },
      {
        "text": " Great we\u0027ll send that ASAP! Just a quick question - I\u0027m getting an error message that Transunion can\u0027t identify me to get my credit report despite including my SIN number. I\u0027ll have to sort it out, but just wondering if a credit score displayed via my CIBC mobile banking app would suffice for your purposes? Let me know.   Maureen",
        "userDefined": false
      }
    ],
    "isTemplate": false,
    "count": 0,
    "updated": 1527333108
  },
  {
    "id": "fbb575e0-a04d-4a8a-92b1-11d9e881fbf9",
    "data": [
      {
        "text": "(CONFIRMATION ",
        "userDefined": false
      },
      {
        "text": "280 SOUTH K",
        "meta": "@sys.ignore",
        "userDefined": false
      },
      {
        "text": "… CONFIRMATION ",
        "userDefined": false
      },
      {
        "text": "280 SOUTH KINGSWAY",
        "alias": "address",
        "meta": "@sys.address",
        "userDefined": true
      },
      {
        "text": " ",
        "userDefined": false
      },
      {
        "text": "SUN APR 29",
        "meta": "@sys.ignore",
        "userDefined": false
      },
      {
        "text": " 12P",
        "userDefined": false
      },
      {
        "text": "-12",
        "meta": "@sys.ignore",
        "userDefined": false
      },
      {
        "text": ":",
        "userDefined": false
      },
      {
        "text": "30",
        "meta": "@sys.ignore",
        "userDefined": false
      },
      {
        "text": "P LB ",
        "userDefined": false
      },
      {
        "text": "1234",
        "meta": "@sys.ignore",
        "userDefined": false
      },
      {
        "text": " ON GATE TO BACKYARD KEY FOR GATE IN LB DO NOT WALK ON POOL COVER OR STRAPS DO NOT LEAVE BACKYARD UNATTENDED OR CHILDREN UNATTENDED",
        "userDefined": false
      }
    ],
    "isTemplate": false,
    "count": 0,
    "updated": 1527333108
  },
  {
    "id": "6c20edf8-3f7d-47e8-b03a-3c0e7fe9d0d1",
    "data": [
      {
        "text": "Confirmation for ",
        "userDefined": false
      },
      {
        "text": "170 Sumach St unit 2203",
        "alias": "address",
        "meta": "@sys.address",
        "userDefined": false
      },
      {
        "text": " for today 630-730pm leased waiting for cheque no more showings  Sent By: JK",
        "userDefined": false
      }
    ],
    "isTemplate": false,
    "count": 0,
    "updated": 1527333108
  }
]